scenarioName,scenarioLoop,stepName,stepLoop,correlationId,requestTimeStamp,responseDelayMilliSec,responseTimeStamp,result,method
Testing,0,AlgorithmA,0,"014113f9-71e2-40bb-849a-5422cf097c24",2021-05-30T07:28:25.922,0.0,2021-05-30T07:28:25.922,PASSED,
Testing,0,AlgorithmA,0,"03d05586-0d06-4c35-a69c-652f174f4dcd",2021-05-29T11:14:46.246,0.0,2021-05-29T11:14:46.246,PASSED,
Testing,0,AlgorithmA,0,"06d5b050-f14b-4aee-9982-e51f88aa9e21",2021-05-29T11:08:51.959,0.0,2021-05-29T11:08:51.959,PASSED,
Testing,0,AlgorithmA,0,"0765f861-ee36-4865-bab0-fc2d5c315b55",2021-05-29T11:13:26.441,0.0,2021-05-29T11:13:26.441,PASSED,
Testing,0,AlgorithmA,0,"0cfd9170-b34c-4622-bf38-eaf751265b42",2021-05-29T11:13:24.822,0.0,2021-05-29T11:13:24.822,PASSED,
Testing,0,AlgorithmA,0,"0e0825cc-ef42-430d-bcba-ff57df51611f",2021-05-29T11:16:35.372,0.0,2021-05-29T11:16:35.372,PASSED,
Testing,0,AlgorithmA,0,"0eaccc12-12b1-4c00-b6e2-8ab3f760d96f",2021-05-30T07:28:29.166,0.0,2021-05-30T07:28:29.166,PASSED,
Testing,0,AlgorithmA,0,"12b2308c-3f0d-4aea-9b5e-58d257484315",2021-05-29T11:16:46.016,0.0,2021-05-29T11:16:46.016,PASSED,
Testing,0,AlgorithmA,0,"13636643-3a3d-4e0f-a463-184d3d6f59c6",2021-05-29T11:16:33.731,0.0,2021-05-29T11:16:33.731,PASSED,
Testing,0,AlgorithmA,0,"13d506b8-baaa-4d1f-a05b-56f5e040f4a0",2021-05-29T11:13:31.341,2.0,2021-05-29T11:13:31.343,PASSED,
Testing,0,AlgorithmA,0,"151891a6-becf-404d-8d0f-d6857d6edc0f",2021-05-29T11:13:21.559,0.0,2021-05-29T11:13:21.559,PASSED,
Testing,0,AlgorithmA,0,"158db7b1-3592-4691-bbfb-d8e6ca0c973f",2021-05-29T11:16:39.478,0.0,2021-05-29T11:16:39.478,PASSED,
Testing,0,AlgorithmA,0,"165785be-fe77-4697-bd44-a378b21919bb",2021-05-29T11:14:47.063,0.0,2021-05-29T11:14:47.063,PASSED,
Testing,0,AlgorithmA,0,"16dffc33-7e9d-48e1-961e-c21a43fa6164",2021-05-30T07:28:37.326,0.0,2021-05-30T07:28:37.326,PASSED,
Testing,0,AlgorithmA,0,"1abd9df7-8276-450f-a81c-e81555880df5",2021-05-29T11:14:50.316,0.0,2021-05-29T11:14:50.316,PASSED,
Testing,0,AlgorithmA,0,"1cb11f6f-0f4f-4ca8-ba84-006c756c60aa",2021-05-29T11:14:38.900,0.0,2021-05-29T11:14:38.900,PASSED,
Testing,0,AlgorithmA,0,"1d67bb0e-7765-4100-8d7f-bccf559509b1",2021-05-29T11:16:37.018,0.0,2021-05-29T11:16:37.018,PASSED,
Testing,0,AlgorithmA,0,"2034c457-87ed-4cc6-8440-28e619813ae8",2021-05-29T11:13:19.953,16.0,2021-05-29T11:13:19.969,PASSED,
Testing,0,AlgorithmA,0,"222ec400-49c1-4a4f-9dd6-bc0a2e97c6ae",2021-05-29T11:08:56.007,0.0,2021-05-29T11:08:56.007,PASSED,
Testing,0,AlgorithmA,0,"22f0975c-3959-4063-83ac-e84e1172fa6f",2021-05-29T11:16:28.825,0.0,2021-05-29T11:16:28.825,PASSED,
Testing,0,AlgorithmA,0,"2357c319-58fb-400f-9045-0fd6a893f3cd",2021-05-29T11:16:41.940,0.0,2021-05-29T11:16:41.940,PASSED,
Testing,0,AlgorithmA,0,"28738c77-443f-427d-a168-1e190594ebfa",2021-05-30T07:28:31.587,0.0,2021-05-30T07:28:31.587,PASSED,
Testing,0,AlgorithmA,0,"29e0f4c5-a19a-4c92-a095-853fd90a265f",2021-05-29T11:14:41.341,0.0,2021-05-29T11:14:41.341,PASSED,
Testing,0,AlgorithmA,0,"2ac4f794-0120-45e2-ba05-b3f49d4b5c44",2021-05-30T07:28:34.063,0.0,2021-05-30T07:28:34.063,PASSED,
Testing,0,AlgorithmA,0,"2b722140-2de8-4373-b09c-da5d9fddb279",2021-05-29T11:08:44.681,0.0,2021-05-29T11:08:44.681,PASSED,
Testing,0,AlgorithmA,0,"2c096b0f-c39a-48da-ad0e-328554610bc2",2021-05-29T11:16:28.510,32.0,2021-05-29T11:16:28.542,PASSED,
Testing,0,AlgorithmA,0,"324828ff-a76d-4fae-aa9a-bfa71c1b82eb",2021-05-29T11:16:38.651,0.0,2021-05-29T11:16:38.651,PASSED,
Testing,0,AlgorithmA,0,"360b495e-9741-467d-be34-0187b059f639",2021-05-29T11:14:49.496,0.0,2021-05-29T11:14:49.496,PASSED,
Testing,0,AlgorithmA,0,"378913d5-eb3b-47de-b8e8-d2d60d3f007f",2021-05-29T11:14:52.771,0.0,2021-05-29T11:14:52.771,PASSED,
Testing,0,AlgorithmA,0,"378eca6b-014b-4846-a0f9-2e9f580b9d33",2021-05-29T11:14:36.452,0.0,2021-05-29T11:14:36.452,PASSED,
Testing,0,AlgorithmA,0,"39a2d2b5-ea0a-4efb-a115-e74ad3b35a06",2021-05-30T07:28:25.121,0.0,2021-05-30T07:28:25.121,PASSED,
Testing,0,AlgorithmA,0,"3ca6ef6c-aa37-4f36-9257-81a549636753",2021-05-29T11:14:42.974,0.0,2021-05-29T11:14:42.974,PASSED,
Testing,0,AlgorithmA,0,"3d1d9b91-c7cd-4344-a38a-b5b068569ec6",2021-05-29T11:16:41.120,0.0,2021-05-29T11:16:41.120,PASSED,
Testing,0,AlgorithmA,0,"3f9d0a7b-1b2a-47d1-99c2-9ebf09ae640a",2021-05-29T11:08:45.498,0.0,2021-05-29T11:08:45.498,PASSED,
Testing,0,AlgorithmA,0,"3fdd2fe0-e34c-4c05-8359-4d7462ae4edb",2021-05-29T11:08:39,15.0,2021-05-29T11:08:39.015,PASSED,
Testing,0,AlgorithmA,0,"402a2c7e-2326-4e72-83c6-8cbfc56a5e6e",2021-05-29T11:16:44.383,0.0,2021-05-29T11:16:44.383,PASSED,
Testing,0,AlgorithmA,0,"4046620d-1663-49a1-80a8-0485de463819",2021-05-29T11:16:30.463,0.0,2021-05-29T11:16:30.463,PASSED,
Testing,0,AlgorithmA,0,"411ea9ed-3828-436f-919a-c6d80148e6ec",2021-05-29T11:08:50.350,0.0,2021-05-29T11:08:50.350,PASSED,
Testing,0,AlgorithmA,0,"412e90eb-d79a-4565-b648-6dc335316bfe",2021-05-29T11:13:37.821,0.0,2021-05-29T11:13:37.821,PASSED,
Testing,0,AlgorithmA,0,"413763d3-20cd-4aa1-91f8-5a49952317e2",2021-05-29T11:08:56.840,0.0,2021-05-29T11:08:56.840,PASSED,
Testing,0,AlgorithmA,0,"420a2f51-ff59-46df-b2c7-2c206b65c3d5",2021-05-29T11:16:43.576,0.0,2021-05-29T11:16:43.576,PASSED,
Testing,0,AlgorithmA,0,"46ffdc02-30c5-4d6c-bd1e-3f335c83b34f",2021-05-30T07:28:41.381,0.0,2021-05-30T07:28:41.381,PASSED,
Testing,0,AlgorithmA,0,"47b1caa4-62a2-4d1d-960a-d415d4585261",2021-05-29T11:16:32.916,0.0,2021-05-29T11:16:32.916,PASSED,
Testing,0,AlgorithmA,0,"498450a9-80a4-4f4e-943d-e212f6436b28",2021-05-29T11:13:25.624,0.0,2021-05-29T11:13:25.624,PASSED,
Testing,0,AlgorithmA,0,"4a90e355-24bb-452b-a6f6-3e60fdddd73a",2021-05-29T11:13:35.383,0.0,2021-05-29T11:13:35.383,PASSED,
Testing,0,AlgorithmA,0,"4c5fad21-c973-48fc-ab38-bb28e50bfb13",2021-05-29T11:14:48.689,11.0,2021-05-29T11:14:48.700,PASSED,
Testing,0,AlgorithmA,0,"4da1fa6e-c332-4383-8265-1670dba435c0",2021-05-30T07:28:22.321,109.0,2021-05-30T07:28:22.430,PASSED,
Testing,0,AlgorithmA,0,"4f76f067-abdc-4fce-9332-6cdb0e3a73ad",2021-05-30T07:28:28.349,8.0,2021-05-30T07:28:28.357,PASSED,
Testing,0,AlgorithmA,0,"514a8acc-2a4e-4ea6-91e7-4da2c6c4d96a",2021-05-30T07:28:24.318,0.0,2021-05-30T07:28:24.318,PASSED,
Testing,0,AlgorithmA,0,"53fbfab5-4e7f-4e51-aa55-eef00cb66425",2021-05-29T11:13:19.151,16.0,2021-05-29T11:13:19.167,PASSED,
Testing,0,AlgorithmA,0,"57090759-6dbf-4c63-bdee-eec8c83814a4",2021-05-29T11:14:34.823,0.0,2021-05-29T11:14:34.823,PASSED,
Testing,0,AlgorithmA,0,"58e41c16-ed4e-4f99-9b52-ab093f30ab42",2021-05-29T11:16:34.547,0.0,2021-05-29T11:16:34.547,PASSED,
Testing,0,AlgorithmA,0,"599fd577-5200-4103-b438-522cb07311a5",2021-05-29T11:14:42.155,0.0,2021-05-29T11:14:42.155,PASSED,
Testing,0,AlgorithmA,0,"59cdb442-3355-40d1-85c8-0f79bdc9eaa3",2021-05-29T11:13:29.685,0.0,2021-05-29T11:13:29.685,PASSED,
Testing,0,AlgorithmA,0,"5a5a0470-6f2f-4c77-b72f-d55c576d2cc1",2021-05-29T11:08:41.441,2.0,2021-05-29T11:08:41.443,PASSED,
Testing,0,AlgorithmA,0,"5b18b8e3-56dd-4afd-9e8b-bda0710b94ee",2021-05-29T11:13:33.743,0.0,2021-05-29T11:13:33.743,PASSED,
Testing,0,AlgorithmA,0,"5caa36b6-92ba-4a46-b124-c75a065e9a06",2021-05-29T11:08:52.765,0.0,2021-05-29T11:08:52.765,PASSED,
Testing,0,AlgorithmA,0,"5fefce42-b07d-414f-98c7-7276c2413d84",2021-05-29T11:08:51.157,0.0,2021-05-29T11:08:51.157,PASSED,
Testing,0,AlgorithmA,0,"6012703a-17f3-4bdf-8b1d-1aedcb446b24",2021-05-29T11:14:35.639,0.0,2021-05-29T11:14:35.639,PASSED,
Testing,0,AlgorithmA,0,"6068a52b-93bd-4f65-be67-f23ed6c61172",2021-05-30T07:28:39.740,0.0,2021-05-30T07:28:39.740,PASSED,
Testing,0,AlgorithmA,0,"6467b68e-9ab5-413f-8496-8a0e17453e69",2021-05-29T11:08:57.658,0.0,2021-05-29T11:08:57.658,PASSED,
Testing,0,AlgorithmA,0,"679f4d6c-1f79-432f-b2f5-1f518cc406a9",2021-05-29T11:16:37.839,0.0,2021-05-29T11:16:37.839,PASSED,
Testing,0,AlgorithmA,0,"68c905a8-385e-4e66-a9ec-65913b34e4f4",2021-05-29T11:13:28.866,0.0,2021-05-29T11:13:28.866,PASSED,
Testing,0,AlgorithmA,0,"68cd097d-1c1a-4c6d-822e-c3cba5a42be3",2021-05-30T07:28:33.248,2.0,2021-05-30T07:28:33.250,PASSED,
Testing,0,AlgorithmA,0,"699ba748-3ba2-4f73-8193-d35a17fdda19",2021-05-30T07:28:35.704,0.0,2021-05-30T07:28:35.704,PASSED,
Testing,0,AlgorithmA,0,"719384bf-7f51-4c28-9c96-23a5c153605f",2021-05-30T07:28:27.540,16.0,2021-05-30T07:28:27.556,PASSED,
Testing,0,AlgorithmA,0,"732a2152-c325-4aa8-a5dc-76710c6e9c54",2021-05-30T07:28:38.939,0.0,2021-05-30T07:28:38.939,PASSED,
Testing,0,AlgorithmA,0,"7975cc8a-1599-4ba1-9836-d476d9c1dc4b",2021-05-29T11:14:39.714,15.0,2021-05-29T11:14:39.729,PASSED,
Testing,0,AlgorithmA,0,"7ca4466c-dee5-4567-82a8-0f10f91d8930",2021-05-30T07:28:38.125,0.0,2021-05-30T07:28:38.125,PASSED,
Testing,0,AlgorithmA,0,"83fb0247-0a51-46f7-9c2a-448f5158fa35",2021-05-29T11:13:27.260,0.0,2021-05-29T11:13:27.260,PASSED,
Testing,0,AlgorithmA,0,"84059d5c-9ca9-4ba4-a532-73ead38f7e5f",2021-05-29T11:08:40.604,0.0,2021-05-29T11:08:40.604,PASSED,
Testing,0,AlgorithmA,0,"84d781b7-6535-4b6d-9cd8-f35c06d0180c",2021-05-29T11:08:49.540,0.0,2021-05-29T11:08:49.540,PASSED,
Testing,0,AlgorithmA,0,"852e6b27-dd06-4c02-9cd2-fe67c7e7e39b",2021-05-30T07:28:26.724,0.0,2021-05-30T07:28:26.724,PASSED,
Testing,0,AlgorithmA,0,"86a860ed-b28d-49ff-8783-3b04c81489d3",2021-05-29T11:16:32.091,0.0,2021-05-29T11:16:32.091,PASSED,
Testing,0,AlgorithmA,0,"8a4de596-2fb2-4106-a10e-a87d61bbf78e",2021-05-30T07:28:22.715,0.0,2021-05-30T07:28:22.715,PASSED,
Testing,0,AlgorithmA,0,"8dc99f06-e5c6-46fe-8e07-a44eab1f4701",2021-05-29T11:08:43.061,0.0,2021-05-29T11:08:43.061,PASSED,
Testing,0,AlgorithmA,0,"8f6a80d6-5ffd-44ef-ad23-0899f53047c3",2021-05-29T11:14:51.136,0.0,2021-05-29T11:14:51.136,PASSED,
Testing,0,AlgorithmA,0,"90fb3984-b450-4e00-8b1a-822fabbd4099",2021-05-29T11:14:34.479,77.0,2021-05-29T11:14:34.556,PASSED,
Testing,0,AlgorithmA,0,"911fb29a-e5a4-448b-95b3-d557dfc3f259",2021-05-29T11:14:40.534,0.0,2021-05-29T11:14:40.534,PASSED,
Testing,0,AlgorithmA,0,"924cad7e-5ad9-48c8-9f02-230f22d9b42d",2021-05-29T11:08:53.599,0.0,2021-05-29T11:08:53.599,PASSED,
Testing,0,AlgorithmA,0,"936addfe-3760-4833-8498-afbc208b1859",2021-05-30T07:28:32.405,0.0,2021-05-30T07:28:32.405,PASSED,
Testing,0,AlgorithmA,0,"979d03b4-a0e3-4efb-9bd4-50fb8719f598",2021-05-29T11:08:46.301,0.0,2021-05-29T11:08:46.301,PASSED,
Testing,0,AlgorithmA,0,"9a54ed49-d2d6-4895-8e84-a0df436738d0",2021-05-29T11:13:30.503,8.0,2021-05-29T11:13:30.511,PASSED,
Testing,0,AlgorithmA,0,"9a64445c-2902-4efd-bd60-5e29176344cd",2021-05-30T07:28:34.901,0.0,2021-05-30T07:28:34.901,PASSED,
Testing,0,AlgorithmA,0,"9b682627-d164-42fa-9a04-916bef862c20",2021-05-29T11:08:48.738,0.0,2021-05-29T11:08:48.738,PASSED,
Testing,0,AlgorithmA,0,"9b92d778-aa0e-49c3-9298-ef82049f0f97",2021-05-29T11:16:45.196,0.0,2021-05-29T11:16:45.196,PASSED,
Testing,0,AlgorithmA,0,"9c138602-c051-4abd-98a0-5875f9a0399a",2021-05-29T11:13:24.019,0.0,2021-05-29T11:13:24.019,PASSED,
Testing,0,AlgorithmA,0,"9f38a806-242a-4ed9-88fb-f126a88e2805",2021-05-30T07:28:23.517,16.0,2021-05-30T07:28:23.533,PASSED,
Testing,0,AlgorithmA,0,"a29aefd6-02a8-47e2-8cd5-445c6fd8ca3d",2021-05-29T11:14:45.434,0.0,2021-05-29T11:14:45.434,PASSED,
Testing,0,AlgorithmA,0,"a2b13743-9770-4300-9b12-129f5d4db8b5",2021-05-29T11:16:29.639,0.0,2021-05-29T11:16:29.639,PASSED,
Testing,0,AlgorithmA,0,"a5a3ebf7-e830-4b3b-a0c4-9225224ab91a",2021-05-29T11:16:40.295,0.0,2021-05-29T11:16:40.295,PASSED,
Testing,0,AlgorithmA,0,"a76d802e-2a88-4376-a0bc-3b4e662a4389",2021-05-29T11:13:28.063,0.0,2021-05-29T11:13:28.063,PASSED,
Testing,0,AlgorithmA,0,"a853e5a4-9c86-44ed-ad99-21a787344909",2021-05-29T11:13:37.007,0.0,2021-05-29T11:13:37.007,PASSED,
Testing,0,AlgorithmA,0,"aa60e380-9916-4f89-88cd-ee4d416c1062",2021-05-29T11:16:46.848,0.0,2021-05-29T11:16:46.848,PASSED,
Testing,0,AlgorithmA,0,"aa8d142a-a625-4348-b98a-823dce00709c",2021-05-30T07:28:30.785,0.0,2021-05-30T07:28:30.785,PASSED,
Testing,0,AlgorithmA,0,"abdcfc0c-f690-4181-ad15-94d2c668a5d4",2021-05-29T11:14:53.588,0.0,2021-05-29T11:14:53.588,PASSED,
Testing,0,AlgorithmA,0,"ac8cc950-5fbf-4f2b-b64c-a2a242edab8c",2021-05-29T11:13:22.398,0.0,2021-05-29T11:13:22.398,PASSED,
Testing,0,AlgorithmA,0,"ad37577b-3a35-48f6-9373-a6cf88b76690",2021-05-29T11:08:39.801,0.0,2021-05-29T11:08:39.801,PASSED,
Testing,0,AlgorithmA,0,"b194172c-941c-4b9d-89a2-ab74169dad69",2021-05-29T11:08:43.868,0.0,2021-05-29T11:08:43.868,PASSED,
Testing,0,AlgorithmA,0,"b36ddf2f-f78c-43c9-a5b4-28b17f33d348",2021-05-29T11:16:36.199,0.0,2021-05-29T11:16:36.199,PASSED,
Testing,0,AlgorithmA,0,"b36e5195-ee0d-449e-b124-a9843636b3c6",2021-05-30T07:28:29.984,0.0,2021-05-30T07:28:29.984,PASSED,
Testing,0,AlgorithmA,0,"b6fde2af-8065-4063-a0f5-2c680a7787ee",2021-05-30T07:28:40.577,0.0,2021-05-30T07:28:40.577,PASSED,
Testing,0,AlgorithmA,0,"b8cff5e1-ff02-4e7e-b45c-938ac31cf34f",2021-05-29T11:14:43.787,0.0,2021-05-29T11:14:43.787,PASSED,
Testing,0,AlgorithmA,0,"b9634ef3-972f-4a17-9506-f3e4045c5a80",2021-05-29T11:13:32.942,0.0,2021-05-29T11:13:32.942,PASSED,
Testing,0,AlgorithmA,0,"b9d5feae-c009-4f46-a8b3-9bdde3327574",2021-05-29T11:14:37.274,0.0,2021-05-29T11:14:37.274,PASSED,
Testing,0,AlgorithmA,0,"c3238245-9d29-4158-9043-0854967cd13d",2021-05-29T11:14:51.952,0.0,2021-05-29T11:14:51.952,PASSED,
Testing,0,AlgorithmA,0,"c4f4d478-8f2c-4a7e-babb-3e7589672d0f",2021-05-29T11:08:38.668,62.0,2021-05-29T11:08:38.730,PASSED,
Testing,0,AlgorithmA,0,"cd8db25b-69d7-480b-9fa1-995a27b65ec8",2021-05-29T11:13:32.141,0.0,2021-05-29T11:13:32.141,PASSED,
Testing,0,AlgorithmA,0,"ce58fbac-1f8c-4ad0-ba64-44e700b4d4f8",2021-05-29T11:16:31.276,0.0,2021-05-29T11:16:31.276,PASSED,
Testing,0,AlgorithmA,0,"d0bee653-48e6-450c-832c-d5d8dde9c64a",2021-05-29T11:08:42.245,0.0,2021-05-29T11:08:42.245,PASSED,
Testing,0,AlgorithmA,0,"d1d77f52-1c16-4ef9-85fc-32d2f5256ddf",2021-05-29T11:08:47.926,0.0,2021-05-29T11:08:47.926,PASSED,
Testing,0,AlgorithmA,0,"d41e37fe-b5e2-4053-b220-22d65adf6ebe",2021-05-29T11:14:38.086,0.0,2021-05-29T11:14:38.086,PASSED,
Testing,0,AlgorithmA,0,"d8c018d6-86b4-4dc6-831f-ee77e4f57550",2021-05-29T11:13:36.207,0.0,2021-05-29T11:13:36.207,PASSED,
Testing,0,AlgorithmA,0,"e0c655a3-5735-4570-b194-60751689bb41",2021-05-29T11:16:47.669,0.0,2021-05-29T11:16:47.669,PASSED,
Testing,0,AlgorithmA,0,"e1ce0148-321d-4c23-babb-a558b8ad81c0",2021-05-29T11:13:34.565,0.0,2021-05-29T11:13:34.565,PASSED,
Testing,0,AlgorithmA,0,"e5f9aa1a-e366-4109-aab9-a3223d45f6eb",2021-05-29T11:08:55.204,0.0,2021-05-29T11:08:55.204,PASSED,
Testing,0,AlgorithmA,0,"e70c8e3a-d4c5-430c-84b2-7c3e36274299",2021-05-30T07:28:36.520,0.0,2021-05-30T07:28:36.520,PASSED,
Testing,0,AlgorithmA,0,"f0e8a584-31bd-4dc3-8a55-0ce9cb11d15c",2021-05-29T11:14:44.602,0.0,2021-05-29T11:14:44.602,PASSED,
Testing,0,AlgorithmA,0,"f1e420ce-bbc6-4224-80bb-b6e68924429a",2021-05-29T11:13:23.216,0.0,2021-05-29T11:13:23.216,PASSED,
Testing,0,AlgorithmA,0,"f8190f1d-e311-4bad-990f-daa4e989eda6",2021-05-29T11:08:47.119,0.0,2021-05-29T11:08:47.119,PASSED,
Testing,0,AlgorithmA,0,"f8b69681-a8bb-4364-8c47-d768ccd5904f",2021-05-29T11:08:54.402,0.0,2021-05-29T11:08:54.402,PASSED,
Testing,0,AlgorithmA,0,"f8f8f233-f1c6-45c4-8eb0-ae05ff742b0d",2021-05-29T11:13:18.811,61.0,2021-05-29T11:13:18.872,PASSED,
Testing,0,AlgorithmA,0,"fc07e425-905a-4b2d-b15b-1ec63d286606",2021-05-29T11:16:42.758,0.0,2021-05-29T11:16:42.758,PASSED,
Testing,0,AlgorithmA,0,"fd1370a1-2ea4-44e9-87c5-3a2eee5d19de",2021-05-29T11:14:47.875,0.0,2021-05-29T11:14:47.875,PASSED,
Testing,0,AlgorithmA,0,"fd944dda-e037-4af8-aed3-7cf5f0044719",2021-05-29T11:13:20.757,0.0,2021-05-29T11:13:20.757,PASSED,
Testing,0,AlgorithmB,0,"004822f1-e709-43c1-a8ad-35317db55430",2021-05-29T11:13:30.086,0.0,2021-05-29T11:13:30.086,PASSED,
Testing,0,AlgorithmB,0,"0070d30d-ace3-4869-912b-38842d282764",2021-05-30T07:28:27.139,0.0,2021-05-30T07:28:27.139,PASSED,
Testing,0,AlgorithmB,0,"04a26bdd-9b02-4168-ad77-e644a732b407",2021-05-29T11:16:39.064,0.0,2021-05-29T11:16:39.064,PASSED,
Testing,0,AlgorithmB,0,"058904a5-386b-4d8a-babd-6e1843dd3294",2021-05-30T07:28:36.105,0.0,2021-05-30T07:28:36.105,PASSED,
Testing,0,AlgorithmB,0,"05d178be-a5ed-4b21-adb4-4fbc46992127",2021-05-29T11:13:21.981,0.0,2021-05-29T11:13:21.981,PASSED,
Testing,0,AlgorithmB,0,"0977d816-7ba8-42f9-b1c8-0e450142a98e",2021-05-29T11:16:47.255,0.0,2021-05-29T11:16:47.255,PASSED,
Testing,0,AlgorithmB,0,"0ad06a2d-27b1-4759-9eb0-881493c87ac3",2021-05-29T11:13:18.811,61.0,2021-05-29T11:13:18.872,PASSED,
Testing,0,AlgorithmB,0,"0c35c387-3466-48ea-b3d6-a5ce79b6bba2",2021-05-29T11:16:42.346,0.0,2021-05-29T11:16:42.346,PASSED,
Testing,0,AlgorithmB,0,"0c720cc6-850d-47a6-9657-b4759d3e9244",2021-05-30T07:28:23.132,0.0,2021-05-30T07:28:23.132,PASSED,
Testing,0,AlgorithmB,0,"0d51a915-5776-4efe-b38f-84171e8e1d33",2021-05-29T11:13:29.273,8.0,2021-05-29T11:13:29.281,PASSED,
Testing,0,AlgorithmB,0,"0ec44f76-8bff-4e74-902b-1314bde3baf5",2021-05-30T07:28:40.155,6.0,2021-05-30T07:28:40.161,PASSED,
Testing,0,AlgorithmB,0,"13a54525-f7bd-4ad1-b8bd-100ba348ed05",2021-05-29T11:14:40.939,0.0,2021-05-29T11:14:40.939,PASSED,
Testing,0,AlgorithmB,0,"175e0483-7276-4729-964c-e927c06d62b6",2021-05-29T11:16:34.960,0.0,2021-05-29T11:16:34.960,PASSED,
Testing,0,AlgorithmB,0,"1b6e3b83-d2ea-4d0b-87b2-ae52c8beea21",2021-05-29T11:13:21.157,0.0,2021-05-29T11:13:21.157,PASSED,
Testing,0,AlgorithmB,0,"1d36e8e3-0f95-4ec9-b1f1-02f3198304f7",2021-05-29T11:13:30.914,8.0,2021-05-29T11:13:30.922,PASSED,
Testing,0,AlgorithmB,0,"1e77c583-396b-409b-86a5-d99e742fb81e",2021-05-29T11:14:50.728,0.0,2021-05-29T11:14:50.728,PASSED,
Testing,0,AlgorithmB,0,"215aafcf-189d-4796-825a-1cb3db13a95c",2021-05-29T11:14:49.094,0.0,2021-05-29T11:14:49.094,PASSED,
Testing,0,AlgorithmB,0,"2350ca02-9826-4d7a-9ba8-5c89388afd7d",2021-05-29T11:13:26.858,0.0,2021-05-29T11:13:26.858,PASSED,
Testing,0,AlgorithmB,0,"239b22fb-1e8f-42a6-83dd-f192fa4d33ee",2021-05-29T11:13:20.355,15.0,2021-05-29T11:13:20.370,PASSED,
Testing,0,AlgorithmB,0,"24185652-efb5-447d-bea0-cd08a7c7dcf3",2021-05-29T11:14:48.281,0.0,2021-05-29T11:14:48.281,PASSED,
Testing,0,AlgorithmB,0,"27813e99-a2ed-493c-a968-d77d48188370",2021-05-30T07:28:39.338,0.0,2021-05-30T07:28:39.338,PASSED,
Testing,0,AlgorithmB,0,"27e4397e-c9e7-456c-a846-6f8f56b586d0",2021-05-30T07:28:38.526,0.0,2021-05-30T07:28:38.526,PASSED,
Testing,0,AlgorithmB,0,"290a661a-c0da-4046-8f65-fee8c340b041",2021-05-30T07:28:27.942,0.0,2021-05-30T07:28:27.942,PASSED,
Testing,0,AlgorithmB,0,"292c5fd8-cb7b-42fd-b87f-9c6f81d2b4ce",2021-05-29T11:16:29.232,0.0,2021-05-29T11:16:29.232,PASSED,
Testing,0,AlgorithmB,0,"29721f3c-cd65-4238-9cb6-a581c706fd27",2021-05-29T11:08:45.899,0.0,2021-05-29T11:08:45.899,PASSED,
Testing,0,AlgorithmB,0,"2f984aaf-6e4b-4ce1-87f8-f5df7f7d1a67",2021-05-29T11:16:45.610,0.0,2021-05-29T11:16:45.610,PASSED,
Testing,0,AlgorithmB,0,"30371bdc-a4f0-47b8-826d-12ce2a444c45",2021-05-29T11:13:26.025,0.0,2021-05-29T11:13:26.025,PASSED,
Testing,0,AlgorithmB,0,"329fc554-bed9-494d-9b70-57ac6ff967bc",2021-05-29T11:08:54.803,0.0,2021-05-29T11:08:54.803,PASSED,
Testing,0,AlgorithmB,0,"39d3bf1c-7ecf-4ebf-bdea-e7c1b1d17d39",2021-05-30T07:28:32.828,8.0,2021-05-30T07:28:32.836,PASSED,
Testing,0,AlgorithmB,0,"39fc3df8-13a9-431f-b2db-5b9e1df2bb8d",2021-05-30T07:28:41.782,16.0,2021-05-30T07:28:41.798,PASSED,
Testing,0,AlgorithmB,0,"3a0807e7-2bf3-452d-a182-f67ccc4b6c15",2021-05-29T11:13:33.343,0.0,2021-05-29T11:13:33.343,PASSED,
Testing,0,AlgorithmB,0,"3c8a05e2-cf41-4cd4-bfe1-e4732f78837e",2021-05-30T07:28:22.321,109.0,2021-05-30T07:28:22.430,PASSED,
Testing,0,AlgorithmB,0,"3d3954c6-cd9b-4cdf-afe6-3c512bf8c0df",2021-05-29T11:08:43.462,0.0,2021-05-29T11:08:43.462,PASSED,
Testing,0,AlgorithmB,0,"3d7d5287-aa83-47a9-8ac9-f39ab67d5507",2021-05-29T11:14:40.126,0.0,2021-05-29T11:14:40.126,PASSED,
Testing,0,AlgorithmB,0,"3ea9382d-6057-4d16-9395-3fba3bf0a8e5",2021-05-29T11:16:46.454,0.0,2021-05-29T11:16:46.454,PASSED,
Testing,0,AlgorithmB,0,"42f5749d-f574-4daf-adb0-ab00b98bd2de",2021-05-29T11:14:46.659,0.0,2021-05-29T11:14:46.659,PASSED,
Testing,0,AlgorithmB,0,"4572533e-29cd-40f6-9a2a-1a050f424b7f",2021-05-29T11:16:28.510,32.0,2021-05-29T11:16:28.542,PASSED,
Testing,0,AlgorithmB,0,"46de7295-4238-4c2e-ae81-fedd106617ac",2021-05-30T07:28:31.989,0.0,2021-05-30T07:28:31.989,PASSED,
Testing,0,AlgorithmB,0,"47bec1cc-596b-4e81-a24b-0036b80a4dc3",2021-05-29T11:16:31.690,0.0,2021-05-29T11:16:31.690,PASSED,
Testing,0,AlgorithmB,0,"494aea96-7725-4d48-8aec-408a6c8cb789",2021-05-29T11:08:56.425,8.0,2021-05-29T11:08:56.433,PASSED,
Testing,0,AlgorithmB,0,"49e348e9-0efd-4eb8-a514-b7f6b0ab3f9d",2021-05-29T11:13:19.552,16.0,2021-05-29T11:13:19.568,PASSED,
Testing,0,AlgorithmB,0,"4d50900f-036a-4ffa-81d7-490a780eb14a",2021-05-29T11:13:36.607,0.0,2021-05-29T11:13:36.607,PASSED,
Testing,0,AlgorithmB,0,"4d802bf9-817d-411e-8977-1841da137fff",2021-05-29T11:13:22.815,0.0,2021-05-29T11:13:22.815,PASSED,
Testing,0,AlgorithmB,0,"517b5d9a-a6b9-4d45-947e-5924b6894e79",2021-05-29T11:14:35.226,16.0,2021-05-29T11:14:35.242,PASSED,
Testing,0,AlgorithmB,0,"5373dbf2-941f-4b58-b64f-b78a54291496",2021-05-29T11:14:37.680,0.0,2021-05-29T11:14:37.680,PASSED,
Testing,0,AlgorithmB,0,"58448b0f-7d75-4716-a2c3-0471fb32d9eb",2021-05-29T11:08:39.400,0.0,2021-05-29T11:08:39.400,PASSED,
Testing,0,AlgorithmB,0,"59e32cdf-7464-4441-9afa-88bd6ac3a1cc",2021-05-29T11:08:47.520,0.0,2021-05-29T11:08:47.520,PASSED,
Testing,0,AlgorithmB,0,"5a871fa6-87cf-4c0f-8b9e-3bed08cab6e0",2021-05-29T11:16:35.791,0.0,2021-05-29T11:16:35.791,PASSED,
Testing,0,AlgorithmB,0,"5d7e261a-6877-401c-9b1f-2cf5b99887e7",2021-05-29T11:14:45.007,0.0,2021-05-29T11:14:45.007,PASSED,
Testing,0,AlgorithmB,0,"5dd7f2fa-4199-4aa2-8dc7-a798c961429e",2021-05-29T11:08:48.338,0.0,2021-05-29T11:08:48.338,PASSED,
Testing,0,AlgorithmB,0,"609d7684-58d8-40e1-acb8-498d95eb4264",2021-05-30T07:28:33.650,0.0,2021-05-30T07:28:33.650,PASSED,
Testing,0,AlgorithmB,0,"63b5543b-f5e6-469f-b66d-7aa56ab09b9d",2021-05-29T11:08:58.058,0.0,2021-05-29T11:08:58.058,PASSED,
Testing,0,AlgorithmB,0,"63f4a620-1b94-4ec2-87ce-8b0530db474f",2021-05-29T11:16:39.890,0.0,2021-05-29T11:16:39.890,PASSED,
Testing,0,AlgorithmB,0,"699dfaee-73b2-45f0-8435-3008d57dcb65",2021-05-29T11:08:40.203,0.0,2021-05-29T11:08:40.203,PASSED,
Testing,0,AlgorithmB,0,"6a5f2c5e-cc3e-4bb5-baac-8f5e0da4666b",2021-05-29T11:08:49.945,0.0,2021-05-29T11:08:49.945,PASSED,
Testing,0,AlgorithmB,0,"6baf49e3-67db-498e-ad30-c7f722a47974",2021-05-30T07:28:28.759,6.0,2021-05-30T07:28:28.765,PASSED,
Testing,0,AlgorithmB,0,"6f761ee9-5ea8-4df7-8048-1f91f093f85b",2021-05-29T11:14:41.749,0.0,2021-05-29T11:14:41.749,PASSED,
Testing,0,AlgorithmB,0,"6ffde5df-c7c3-44b9-8000-c7c51ef14145",2021-05-29T11:08:52.361,0.0,2021-05-29T11:08:52.361,PASSED,
Testing,0,AlgorithmB,0,"70276bfb-3f7c-424a-8e6e-0fdf6591058a",2021-05-29T11:16:36.605,0.0,2021-05-29T11:16:36.605,PASSED,
Testing,0,AlgorithmB,0,"7174b3cb-eccd-45ee-b3be-47976b4e7d91",2021-05-29T11:08:42.661,0.0,2021-05-29T11:08:42.661,PASSED,
Testing,0,AlgorithmB,0,"71fcf2aa-86ef-4aae-b6d3-f4d835b33691",2021-05-29T11:13:23.618,0.0,2021-05-29T11:13:23.618,PASSED,
Testing,0,AlgorithmB,0,"79b30861-1a4d-41a1-85ca-3a2cd134da2d",2021-05-29T11:14:36.046,0.0,2021-05-29T11:14:36.046,PASSED,
Testing,0,AlgorithmB,0,"7ad1528a-58d5-493e-946d-db935e15e7a3",2021-05-29T11:14:53.994,0.0,2021-05-29T11:14:53.994,PASSED,
Testing,0,AlgorithmB,0,"7d90b857-e73c-4736-916e-81a9d6d91dfa",2021-05-29T11:14:43.380,0.0,2021-05-29T11:14:43.380,PASSED,
Testing,0,AlgorithmB,0,"80b49495-3e8e-4ad6-8150-1bc3049778bc",2021-05-30T07:28:35.302,0.0,2021-05-30T07:28:35.302,PASSED,
Testing,0,AlgorithmB,0,"80d44350-4c5b-4bc2-837c-e38159ef96c1",2021-05-29T11:14:42.568,0.0,2021-05-29T11:14:42.568,PASSED,
Testing,0,AlgorithmB,0,"810eecd9-d36b-4563-ab6f-dfb4ed338edd",2021-05-29T11:13:32.542,0.0,2021-05-29T11:13:32.542,PASSED,
Testing,0,AlgorithmB,0,"82434d45-f60f-449e-826b-f6b81d1ab96a",2021-05-30T07:28:30.385,0.0,2021-05-30T07:28:30.385,PASSED,
Testing,0,AlgorithmB,0,"88aba369-5efb-4462-ae04-8b9bd256e1fa",2021-05-29T11:14:49.904,0.0,2021-05-29T11:14:49.904,PASSED,
Testing,0,AlgorithmB,0,"8a683c02-646b-4216-80d1-51b315970a2f",2021-05-29T11:13:38.222,0.0,2021-05-29T11:13:38.222,PASSED,
Testing,0,AlgorithmB,0,"8a94d4c6-21e9-41f3-b0eb-af18cb69e123",2021-05-29T11:14:47.469,0.0,2021-05-29T11:14:47.469,PASSED,
Testing,0,AlgorithmB,0,"8ba2d604-0782-4eca-a8da-6b67f63eb8bc",2021-05-29T11:13:31.739,0.0,2021-05-29T11:13:31.739,PASSED,
Testing,0,AlgorithmB,0,"8d144d4c-a78f-4f08-b0db-fd1808b9d21e",2021-05-30T07:28:40.981,0.0,2021-05-30T07:28:40.981,PASSED,
Testing,0,AlgorithmB,0,"933dec99-a9dd-43d2-ba8e-dfd03b864982",2021-05-29T11:08:55.606,0.0,2021-05-29T11:08:55.606,PASSED,
Testing,0,AlgorithmB,0,"93a39239-523c-4409-8d40-961e295262e3",2021-05-29T11:16:40.708,0.0,2021-05-29T11:16:40.708,PASSED,
Testing,0,AlgorithmB,0,"93be3d5c-b0f2-4d0d-ba9d-754a0a3bb064",2021-05-30T07:28:24.720,15.0,2021-05-30T07:28:24.735,PASSED,
Testing,0,AlgorithmB,0,"9612ff4f-c6ec-4f04-8168-bc12d28301fa",2021-05-29T11:08:57.257,0.0,2021-05-29T11:08:57.257,PASSED,
Testing,0,AlgorithmB,0,"96c864ea-c1b2-4cfc-8c3c-5f7109f01a61",2021-05-29T11:14:44.196,0.0,2021-05-29T11:14:44.196,PASSED,
Testing,0,AlgorithmB,0,"994d59bf-0226-42e9-acb9-cda7765f47c3",2021-05-29T11:16:43.979,0.0,2021-05-29T11:16:43.979,PASSED,
Testing,0,AlgorithmB,0,"99ef5ebc-2b67-42d5-9e12-71331ce61ea1",2021-05-29T11:08:45.096,0.0,2021-05-29T11:08:45.096,PASSED,
Testing,0,AlgorithmB,0,"9a4d7d6f-eaa8-4354-a4bd-432c55112fbd",2021-05-29T11:16:48.081,0.0,2021-05-29T11:16:48.081,PASSED,
Testing,0,AlgorithmB,0,"9cbf381a-81ff-4c3c-88ad-7198f25e102c",2021-05-29T11:14:39.308,0.0,2021-05-29T11:14:39.308,PASSED,
Testing,0,AlgorithmB,0,"9e8b59a6-6334-4104-b9c7-a39faced3fab",2021-05-29T11:08:49.139,0.0,2021-05-29T11:08:49.139,PASSED,
Testing,0,AlgorithmB,0,"9efb1065-abc6-40a6-9be1-6dd8dd910332",2021-05-29T11:08:46.704,0.0,2021-05-29T11:08:46.704,PASSED,
Testing,0,AlgorithmB,0,"a25943f0-0bc4-48c8-83e5-f25856cff362",2021-05-29T11:14:38.490,0.0,2021-05-29T11:14:38.490,PASSED,
Testing,0,AlgorithmB,0,"a355a562-1358-41e0-b19b-b9f38069859b",2021-05-29T11:16:41.528,0.0,2021-05-29T11:16:41.528,PASSED,
Testing,0,AlgorithmB,0,"a7c97d19-1f96-43a4-977d-759c6cf35232",2021-05-30T07:28:37.723,0.0,2021-05-30T07:28:37.723,PASSED,
Testing,0,AlgorithmB,0,"a848bba1-094a-46c1-bd5d-ba76a3e8ea1e",2021-05-29T11:08:41.022,8.0,2021-05-29T11:08:41.030,PASSED,
Testing,0,AlgorithmB,0,"ac34b1bf-8cc1-4553-8ca5-8da80ee4a5a4",2021-05-29T11:13:35.799,0.0,2021-05-29T11:13:35.799,PASSED,
Testing,0,AlgorithmB,0,"ac41920d-b40e-4aca-a9f8-c2200f764ff0",2021-05-30T07:28:36.921,0.0,2021-05-30T07:28:36.921,PASSED,
Testing,0,AlgorithmB,0,"adba4ce8-fe3f-4bd4-bd6e-6174289d9f19",2021-05-29T11:16:34.144,0.0,2021-05-29T11:16:34.144,PASSED,
Testing,0,AlgorithmB,0,"b4fa676a-d971-407c-a650-a2dcf73fbe1e",2021-05-29T11:13:28.465,0.0,2021-05-29T11:13:28.465,PASSED,
Testing,0,AlgorithmB,0,"b5077b6a-0987-4c8f-9094-77e1fa8f5382",2021-05-30T07:28:26.323,16.0,2021-05-30T07:28:26.339,PASSED,
Testing,0,AlgorithmB,0,"b53df9c0-c794-45f3-831c-64dd5866b863",2021-05-29T11:14:53.176,0.0,2021-05-29T11:14:53.176,PASSED,
Testing,0,AlgorithmB,0,"b62bc959-4579-467c-b185-6927e1438638",2021-05-29T11:14:52.364,0.0,2021-05-29T11:14:52.364,PASSED,
Testing,0,AlgorithmB,0,"b8a2a021-ebc5-4a1e-a410-9beba17cdb84",2021-05-30T07:28:31.186,0.0,2021-05-30T07:28:31.186,PASSED,
Testing,0,AlgorithmB,0,"bcfecdea-3cbf-4263-9677-9b57cfcd4b1d",2021-05-29T11:13:24.421,0.0,2021-05-29T11:13:24.421,PASSED,
Testing,0,AlgorithmB,0,"c0d76adf-3aa0-4063-a53c-7d4b9d48dd95",2021-05-29T11:13:34.968,0.0,2021-05-29T11:13:34.968,PASSED,
Testing,0,AlgorithmB,0,"c1ec5975-663d-4c0e-991d-2882615be8d2",2021-05-29T11:13:27.662,0.0,2021-05-29T11:13:27.662,PASSED,
Testing,0,AlgorithmB,0,"c4ad25c5-5370-46df-88e2-f448106b60bf",2021-05-29T11:16:37.431,0.0,2021-05-29T11:16:37.431,PASSED,
Testing,0,AlgorithmB,0,"c5c61310-adfb-45ab-a08a-39df4a6945ab",2021-05-30T07:28:34.482,0.0,2021-05-30T07:28:34.482,PASSED,
Testing,0,AlgorithmB,0,"c7945510-b397-45c0-be73-fd70e6257f6c",2021-05-29T11:16:32.498,0.0,2021-05-29T11:16:32.498,PASSED,
Testing,0,AlgorithmB,0,"cbc48b3a-b026-4f57-9bdc-3b38a76a94cb",2021-05-30T07:28:29.591,0.0,2021-05-30T07:28:29.591,PASSED,
Testing,0,AlgorithmB,0,"cf21a8ab-37bc-41fb-b484-23fe7bb4448c",2021-05-29T11:08:53.182,0.0,2021-05-29T11:08:53.182,PASSED,
Testing,0,AlgorithmB,0,"d100c1c8-7eeb-423c-a6cb-74067587c0ac",2021-05-29T11:16:33.324,0.0,2021-05-29T11:16:33.324,PASSED,
Testing,0,AlgorithmB,0,"d2cbbd18-b8ce-4105-87a8-aebe606dc7fc",2021-05-29T11:14:34.479,77.0,2021-05-29T11:14:34.556,PASSED,
Testing,0,AlgorithmB,0,"d558088d-0581-451d-a6e0-a929896568eb",2021-05-29T11:14:45.841,0.0,2021-05-29T11:14:45.841,PASSED,
Testing,0,AlgorithmB,0,"dcffecea-c5a2-4fc2-9f52-f74481691ff0",2021-05-29T11:14:51.545,0.0,2021-05-29T11:14:51.545,PASSED,
Testing,0,AlgorithmB,0,"def1c959-ef94-4640-8949-1e861870a2da",2021-05-29T11:08:50.755,0.0,2021-05-29T11:08:50.755,PASSED,
Testing,0,AlgorithmB,0,"dfcf6374-ac28-4546-9022-28a3dc44b9ea",2021-05-29T11:16:30.051,15.0,2021-05-29T11:16:30.066,PASSED,
Testing,0,AlgorithmB,0,"e20e25ae-d7d2-4e38-8fa9-a88c7dce1c0c",2021-05-29T11:16:43.165,0.0,2021-05-29T11:16:43.165,PASSED,
Testing,0,AlgorithmB,0,"e2c4b615-027d-43ce-a828-a65b349afad8",2021-05-30T07:28:25.522,0.0,2021-05-30T07:28:25.522,PASSED,
Testing,0,AlgorithmB,0,"e415f55e-c45e-4fc1-9f78-30cfda22bc15",2021-05-29T11:16:44.784,0.0,2021-05-29T11:16:44.784,PASSED,
Testing,0,AlgorithmB,0,"e52c1309-fc12-486a-8104-e62eb35b5a19",2021-05-29T11:13:37.414,8.0,2021-05-29T11:13:37.422,PASSED,
Testing,0,AlgorithmB,0,"e933f4a5-7e58-4379-bf8a-5e0bcdd4e5fe",2021-05-29T11:16:30.870,0.0,2021-05-29T11:16:30.870,PASSED,
Testing,0,AlgorithmB,0,"e9c80261-8ac1-4026-992b-526c1961a466",2021-05-30T07:28:23.918,0.0,2021-05-30T07:28:23.918,PASSED,
Testing,0,AlgorithmB,0,"ea733137-8ba0-4b77-a2b5-857496c84ebe",2021-05-29T11:08:38.668,62.0,2021-05-29T11:08:38.730,PASSED,
Testing,0,AlgorithmB,0,"ecb083fe-11cd-4b3e-a3f3-17c34ac8c865",2021-05-29T11:08:41.844,0.0,2021-05-29T11:08:41.844,PASSED,
Testing,0,AlgorithmB,0,"ed0fe031-e821-443c-9206-802fe5c5e745",2021-05-29T11:13:25.223,0.0,2021-05-29T11:13:25.223,PASSED,
Testing,0,AlgorithmB,0,"ed893418-2ba1-45c1-a0cf-90d3145806da",2021-05-29T11:16:38.246,0.0,2021-05-29T11:16:38.246,PASSED,
Testing,0,AlgorithmB,0,"ee24c958-1d5a-487f-8fcf-1592d25eea0d",2021-05-29T11:13:34.158,0.0,2021-05-29T11:13:34.158,PASSED,
Testing,0,AlgorithmB,0,"ee518d90-200a-4a30-9b01-3ca537caff5e",2021-05-29T11:08:51.557,0.0,2021-05-29T11:08:51.557,PASSED,
Testing,0,AlgorithmB,0,"f3a9b58c-08f2-48a5-88fa-d538eb063b12",2021-05-29T11:08:54.001,0.0,2021-05-29T11:08:54.001,PASSED,
Testing,0,AlgorithmB,0,"f419e5ca-d7da-40d6-a213-ef6f5e7e6168",2021-05-29T11:08:44.280,0.0,2021-05-29T11:08:44.280,PASSED,
Testing,0,AlgorithmB,0,"f803772e-27d4-4956-804e-ddfffca3d8e7",2021-05-29T11:14:36.861,0.0,2021-05-29T11:14:36.861,PASSED,
Testovanie,0,compare,0,"037f0e7e-5c55-401a-babe-564cdc244ca9",2021-05-28T11:33:36.842,0.0,2021-05-28T11:33:36.842,PASSED,
Testovanie,0,compare,0,"04e6ff2c-3c07-4127-a218-0bda0e1d4e91",2021-05-28T11:33:34.369,0.0,2021-05-28T11:33:34.369,PASSED,
Testovanie,0,compare,0,"06ea4ad7-b728-470b-880b-a87564295625",2021-05-28T11:35:39.647,0.0,2021-05-28T11:35:39.647,PASSED,
Testovanie,0,compare,0,"07b86b95-b96f-41e3-9825-27241b0518e8",2021-05-28T12:46:48.269,8.0,2021-05-28T12:46:48.277,PASSED,
Testovanie,0,compare,0,"0bbf47b6-10c3-4fb2-9f92-a7a60cb9dcb1",2021-05-28T12:46:47.433,0.0,2021-05-28T12:46:47.433,PASSED,
Testovanie,0,compare,0,"172c5194-b382-46ca-b6f0-601245255b0d",2021-05-28T11:33:31.074,0.0,2021-05-28T11:33:31.074,PASSED,
Testovanie,0,compare,0,"188f405b-b9c8-45a9-954c-b620642cd6d2",2021-05-28T11:33:38.464,0.0,2021-05-28T11:33:38.464,PASSED,
Testovanie,0,compare,0,"1905ad81-c3d8-4285-a512-4126918558ca",2021-05-28T12:46:46.620,0.0,2021-05-28T12:46:46.620,PASSED,
Testovanie,0,compare,0,"1b7e9920-c124-4d93-a5b7-e0f01baa7d39",2021-05-28T11:33:41.736,0.0,2021-05-28T11:33:41.736,PASSED,
Testovanie,0,compare,0,"1e2bfcbf-a010-453e-900a-c4d3d65bf673",2021-05-28T11:33:31.926,0.0,2021-05-28T11:33:31.926,PASSED,
Testovanie,0,compare,0,"1e2ccf77-a43a-42cf-a961-b1fe6dab00bd",2021-05-28T12:46:56.390,0.0,2021-05-28T12:46:56.390,PASSED,
Testovanie,0,compare,0,"1fc66dde-0cf2-4203-a019-c10b31eab615",2021-05-28T12:46:44.176,0.0,2021-05-28T12:46:44.176,PASSED,
Testovanie,0,compare2,0,"017b07e8-8c57-438e-a18d-759e5d407a9a",2021-05-28T11:35:43.321,0.0,2021-05-28T11:35:43.321,PASSED,
Testovanie,0,compare2,0,"01d8d313-d622-42aa-8d4d-f5515e821005",2021-05-28T11:35:49.839,0.0,2021-05-28T11:35:49.839,PASSED,
Testovanie,0,compare2,0,"0253bcb6-1e2f-4e04-8547-bf3252d9c39c",2021-05-28T12:46:58.410,0.0,2021-05-28T12:46:58.410,PASSED,
Testovanie,0,compare2,0,"0267c168-e4bb-44c4-9445-b202a3e8a452",2021-05-28T12:46:53.541,8.0,2021-05-28T12:46:53.549,PASSED,
Testovanie,0,compare2,0,"05650e95-8ca2-4be6-b98d-db5d6508fc7b",2021-05-28T11:35:41.690,0.0,2021-05-28T11:35:41.690,PASSED,
Testovanie,0,compare,0,"209682a9-b2a7-492d-9508-47bf915710a8",2021-05-28T11:33:39.278,0.0,2021-05-28T11:33:39.278,PASSED,
Testovanie,0,compare2,0,"09731892-e32a-42c3-8be6-f247accad783",2021-05-28T11:33:37.249,0.0,2021-05-28T11:33:37.249,PASSED,
Testovanie,0,compare2,0,"0f421fcd-fff2-432a-9acc-c99bbd9b72c9",2021-05-28T11:33:25.756,33.0,2021-05-28T11:33:25.789,PASSED,
Testovanie,0,compare2,0,"12f0ee71-a609-443c-b958-f8e499f59f18",2021-05-28T11:35:44.129,0.0,2021-05-28T11:35:44.129,PASSED,
Testovanie,0,compare2,0,"1c50c399-cc05-4072-a020-47fad6a4ab34",2021-05-28T11:35:30.255,16.0,2021-05-28T11:35:30.271,PASSED,
Testovanie,0,compare2,0,"214445bf-f6b1-4d04-a90b-61bd0dd81ca9",2021-05-28T11:35:38.415,0.0,2021-05-28T11:35:38.415,PASSED,
Testovanie,0,compare2,0,"21b7aa03-7bc1-401e-8d78-336a29380243",2021-05-28T11:33:38.058,0.0,2021-05-28T11:33:38.058,PASSED,
Testovanie,0,compare2,0,"2239eab2-4b05-4d72-9ace-fcb76965ca02",2021-05-28T12:46:54.352,8.0,2021-05-28T12:46:54.360,PASSED,
Testovanie,0,compare2,0,"26109553-ecd8-435c-b548-17cda8b3e149",2021-05-28T12:46:51.081,8.0,2021-05-28T12:46:51.089,PASSED,
Testovanie,0,compare2,0,"27a51cee-93ab-44d8-8614-b95a01e84129",2021-05-28T11:35:31.073,15.0,2021-05-28T11:35:31.088,PASSED,
Testovanie,0,compare2,0,"3051fd9d-f902-45b8-bf8c-65665d285b82",2021-05-28T12:46:57.598,8.0,2021-05-28T12:46:57.606,PASSED,
Testovanie,0,compare2,0,"311f6a51-c647-4e7c-adf8-dfed948bc5be",2021-05-28T11:35:49.028,0.0,2021-05-28T11:35:49.028,PASSED,
Testovanie,0,compare2,0,"34124180-8d3b-42e2-97fb-9879fc346d52",2021-05-28T12:46:56.798,0.0,2021-05-28T12:46:56.798,PASSED,
Testovanie,0,compare2,0,"34976880-bbf0-4cce-b08b-d9dd500ae012",2021-05-28T11:35:45.762,0.0,2021-05-28T11:35:45.762,PASSED,
Testovanie,0,compare2,0,"441f7bd5-2b4c-448b-9fa9-de55e8e494a8",2021-05-28T11:33:34.775,0.0,2021-05-28T11:33:34.775,PASSED,
Testovanie,0,compare2,0,"47564834-d797-4883-aaa5-324edd7339ba",2021-05-28T11:33:29.854,0.0,2021-05-28T11:33:29.854,PASSED,
Testovanie,0,compare2,0,"4a194d04-816d-4374-85ed-3c1302656200",2021-05-28T11:33:40.512,0.0,2021-05-28T11:33:40.512,PASSED,
Testovanie,0,compare2,0,"4c4a463b-d340-4b6c-8a76-2658d5072fc6",2021-05-28T11:35:36.787,0.0,2021-05-28T11:35:36.787,PASSED,
Testovanie,0,compare2,0,"4d4a92bc-9f06-44e9-bc9a-0dc49e57d704",2021-05-28T11:35:42.506,0.0,2021-05-28T11:35:42.506,PASSED,
Testovanie,0,compare2,0,"4d62cd7b-d78c-436b-969f-deefe216abe7",2021-05-28T11:33:42.964,0.0,2021-05-28T11:33:42.964,PASSED,
Testovanie,0,compare2,0,"4e6a4990-f254-4da4-a397-f3a12a34b9fd",2021-05-28T12:46:47.839,0.0,2021-05-28T12:46:47.839,PASSED,
Testovanie,0,compare2,0,"51f4692d-b91c-40fa-896e-c2b03a5e5bba",2021-05-28T11:35:35.141,0.0,2021-05-28T11:35:35.141,PASSED,
Testovanie,0,compare2,0,"575ae81e-e1e0-4abb-a662-04f7f4b8adee",2021-05-28T11:33:43.777,0.0,2021-05-28T11:33:43.777,PASSED,
Testovanie,0,compare2,0,"5cf77478-1495-4751-a302-7d894bd10df8",2021-05-28T11:33:38.876,0.0,2021-05-28T11:33:38.876,PASSED,
Testovanie,0,compare2,0,"5e27eaf4-59ea-4249-a56f-1b04e246d83b",2021-05-28T11:35:35.961,0.0,2021-05-28T11:35:35.961,PASSED,
Testovanie,0,compare2,0,"5eb5f0ac-200a-486a-afbf-69c2c2f1c47e",2021-05-28T11:35:32.686,0.0,2021-05-28T11:35:32.686,PASSED,
Testovanie,0,compare2,0,"65adeee0-fdcd-411d-9ad3-9662d922f8aa",2021-05-28T12:46:43.769,0.0,2021-05-28T12:46:43.769,PASSED,
Testovanie,0,compare2,0,"6b736db1-9eee-4fbf-81e7-41e01ab40d37",2021-05-28T11:33:44.602,0.0,2021-05-28T11:33:44.602,PASSED,
Testovanie,0,compare2,0,"6f1e2712-add8-44e2-8a21-bef98f989475",2021-05-28T11:33:33.140,0.0,2021-05-28T11:33:33.140,PASSED,
Testovanie,0,compare2,0,"727c2a98-8788-4e6e-bde9-41ad2249a9df",2021-05-28T12:47:01.645,0.0,2021-05-28T12:47:01.645,PASSED,
Testovanie,0,compare2,0,"73a66c81-36da-428c-90d1-2e5f83e6f4db",2021-05-28T12:46:42.982,47.0,2021-05-28T12:46:43.029,PASSED,
Testovanie,0,compare2,0,"73dc4fa7-484f-4ada-aa07-1735b2d919e3",2021-05-28T11:35:40.869,16.0,2021-05-28T11:35:40.885,PASSED,
Testovanie,0,compare2,0,"78e89814-a517-4072-937c-f3b7faabaacb",2021-05-28T11:33:29.043,0.0,2021-05-28T11:33:29.043,PASSED,
Testovanie,0,compare2,0,"7c8fd36c-06b2-4d36-ae01-4e9765bef2ff",2021-05-28T12:46:50.273,8.0,2021-05-28T12:46:50.281,PASSED,
Testovanie,0,compare2,0,"8026552a-3f76-4fac-a30e-24553cfed0f2",2021-05-28T11:35:34.336,0.0,2021-05-28T11:35:34.336,PASSED,
Testovanie,0,compare2,0,"83b8653d-24f8-47d6-8c5f-8c77ba5dcfcf",2021-05-28T11:33:45.433,0.0,2021-05-28T11:33:45.433,PASSED,
Testovanie,0,compare2,0,"89335d5d-8666-4841-a839-c2af2e096b98",2021-05-28T11:33:30.663,0.0,2021-05-28T11:33:30.663,PASSED,
Testovanie,0,compare2,0,"8ca1486c-6673-4811-89fd-2a4b5eb41383",2021-05-28T12:46:45.395,0.0,2021-05-28T12:46:45.395,PASSED,
Testovanie,0,compare2,0,"8ceda4bd-55eb-4a17-aaf1-151ecc2146cf",2021-05-28T12:47:00.838,8.0,2021-05-28T12:47:00.846,PASSED,
Testovanie,0,compare2,0,"8d8ab892-7a74-4deb-9f42-8a76f19d176e",2021-05-28T11:33:41.327,15.0,2021-05-28T11:33:41.342,PASSED,
Testovanie,0,compare2,0,"8dc0f187-80e6-4923-a489-15a7b5d4685e",2021-05-28T12:46:48.654,8.0,2021-05-28T12:46:48.662,PASSED,
Testovanie,0,compare2,0,"90459f2d-609f-4cb1-b3d7-98a6cfe83663",2021-05-28T11:33:33.962,0.0,2021-05-28T11:33:33.962,PASSED,
Testovanie,0,compare2,0,"9a0be8f2-ea13-4b90-a734-fc42eedf1f73",2021-05-28T12:46:55.173,8.0,2021-05-28T12:46:55.181,PASSED,
Testovanie,0,compare,0,"29b92c33-4118-4175-8497-d85903d79982",2021-05-28T11:35:42.098,0.0,2021-05-28T11:35:42.098,PASSED,
Testovanie,0,compare2,0,"9c88435f-94c7-4c5c-a5f7-41c4d84f8992",2021-05-28T11:33:32.332,0.0,2021-05-28T11:33:32.332,PASSED,
Testovanie,0,compare2,0,"9e528d20-5a2f-4083-be59-ca58b977c44a",2021-05-28T12:47:02.463,0.0,2021-05-28T12:47:02.463,PASSED,
Testovanie,0,compare2,0,"9f3a6d9e-70f0-4fee-a023-d39ff43efeb1",2021-05-28T12:46:46.207,0.0,2021-05-28T12:46:46.207,PASSED,
Testovanie,0,compare2,0,"afde70ab-6b5e-4429-bc4d-e3719e21a659",2021-05-28T11:35:48.220,0.0,2021-05-28T11:35:48.220,PASSED,
Testovanie,0,compare2,0,"b0b5f282-d158-46c5-988f-ad98319cb97f",2021-05-28T12:46:44.582,0.0,2021-05-28T12:46:44.582,PASSED,
Testovanie,0,compare2,0,"be951f8b-506e-408b-b472-7c1ee76c3b57",2021-05-28T11:33:27.382,15.0,2021-05-28T11:33:27.397,PASSED,
Testovanie,0,compare2,0,"c1e575b8-abcf-4c32-b566-96c249ec7e8c",2021-05-28T11:35:31.879,0.0,2021-05-28T11:35:31.879,PASSED,
Testovanie,0,compare2,0,"c550fbef-b882-44bd-bc9e-992e4163ec18",2021-05-28T11:35:39.234,0.0,2021-05-28T11:35:39.234,PASSED,
Testovanie,0,compare2,0,"cd347534-15eb-455e-9cb9-b53551f7636a",2021-05-28T11:35:47.401,0.0,2021-05-28T11:35:47.401,PASSED,
Testovanie,0,compare2,0,"cfacf2c4-1052-453d-bbe7-991606c7dea7",2021-05-28T11:33:31.487,0.0,2021-05-28T11:33:31.487,PASSED,
Testovanie,0,compare2,0,"d2847d78-5729-4a89-93e9-a72ab682378f",2021-05-28T12:46:55.989,0.0,2021-05-28T12:46:55.989,PASSED,
Testovanie,0,compare2,0,"d3a12375-ba2a-4a6a-8486-b03ec752d056",2021-05-28T11:33:36.433,0.0,2021-05-28T11:33:36.433,PASSED,
Testovanie,0,compare2,0,"d500bece-ab67-4f59-ab00-cf9c05c68888",2021-05-28T12:46:49.464,0.0,2021-05-28T12:46:49.464,PASSED,
Testovanie,0,compare2,0,"d68247f8-043e-4fab-8f99-bab0215107e7",2021-05-28T12:46:47.026,0.0,2021-05-28T12:46:47.026,PASSED,
Testovanie,0,compare2,0,"d68750d8-5be6-4e78-aff0-707251968264",2021-05-28T11:33:28.220,0.0,2021-05-28T11:33:28.220,PASSED,
Testovanie,0,compare,0,"2d6ea701-7ab9-40e6-9c92-f12e5189e57e",2021-05-28T11:35:30.667,15.0,2021-05-28T11:35:30.682,PASSED,
Testovanie,0,compare2,0,"d7720d4d-d8c5-4dcc-a4e7-420aece9089b",2021-05-28T12:47:00.038,0.0,2021-05-28T12:47:00.038,PASSED,
Testovanie,0,compare2,0,"d99424c8-0ca7-4241-8785-1a82dbc7c651",2021-05-28T11:33:35.619,0.0,2021-05-28T11:33:35.619,PASSED,
Testovanie,0,compare2,0,"dae5ee8c-9345-4fd8-8740-f8ad65dfb8fd",2021-05-28T12:46:52.718,0.0,2021-05-28T12:46:52.718,PASSED,
Testovanie,0,compare2,0,"df86211b-c28b-4024-bea4-914a02151382",2021-05-28T12:46:59.218,8.0,2021-05-28T12:46:59.226,PASSED,
Testovanie,0,compare2,0,"e2615c5d-923a-43e3-8a17-0715f4de7d1f",2021-05-28T12:46:51.889,8.0,2021-05-28T12:46:51.897,PASSED,
Testovanie,0,compare,0,"2e5e3752-45fa-4e9a-8e51-719bc23fa6a4",2021-05-28T12:46:58.818,8.0,2021-05-28T12:46:58.826,PASSED,
Testovanie,0,compare2,0,"e930641e-6d1b-4c62-8a4c-64636e42084e",2021-05-28T11:35:37.602,0.0,2021-05-28T11:35:37.602,PASSED,
Testovanie,0,compare,0,"2e9cdcf2-d431-45c8-9b64-61d332d50609",2021-05-28T11:35:30.224,47.0,2021-05-28T11:35:30.271,PASSED,
Testovanie,0,compare2,0,"eccea542-ec03-4a27-ae82-23c2ad3fe1b6",2021-05-28T11:33:42.150,0.0,2021-05-28T11:33:42.150,PASSED,
Testovanie,0,compare2,0,"eddceaee-e403-494b-ae52-b0384464652e",2021-05-28T11:35:46.581,0.0,2021-05-28T11:35:46.581,PASSED,
Testovanie,0,compare2,0,"efc3e8ee-54b1-4a14-b4b0-06a2b58dd1e3",2021-05-28T11:35:44.944,0.0,2021-05-28T11:35:44.944,PASSED,
Testovanie,0,compare2,0,"f5922387-9380-4eb0-a29d-9175f576be30",2021-05-28T11:33:39.687,0.0,2021-05-28T11:33:39.687,PASSED,
Testovanie,0,compare2,0,"f5a87566-5438-4a2a-a57f-2a345ff812a3",2021-05-28T11:33:26.562,15.0,2021-05-28T11:33:26.577,PASSED,
Testovanie,0,compare2,0,"f7d0da5c-fc93-4670-b0c7-d2ec83ec0cb2",2021-05-28T11:35:40.053,0.0,2021-05-28T11:35:40.053,PASSED,
Testovanie,0,compare2,0,"f83befea-5dc6-44e0-8754-4697fe2d13d9",2021-05-28T11:35:33.502,0.0,2021-05-28T11:35:33.502,PASSED,
Testovanie,0,compare,0,"355738b9-5ca8-48ea-9b20-98d2ebc139a9",2021-05-28T11:33:26.150,16.0,2021-05-28T11:33:26.166,PASSED,
Testovanie,0,compare,0,"4175fac7-2e01-4ca3-9007-10f1189156fe",2021-05-28T11:33:45.011,0.0,2021-05-28T11:33:45.011,PASSED,
Testovanie,0,compare,0,"4ada5b16-034a-466e-af1f-ead783bf4f20",2021-05-28T11:35:42.916,0.0,2021-05-28T11:35:42.916,PASSED,
Testovanie,0,compare,0,"4d3f88b6-3269-4d1b-b579-b027d1cf6306",2021-05-28T11:35:45.356,0.0,2021-05-28T11:35:45.356,PASSED,
Testovanie,0,compare,0,"4eb9b7a4-93ff-44da-aea9-cb19e89c511a",2021-05-28T11:35:40.465,15.0,2021-05-28T11:35:40.480,PASSED,
Testovanie,0,compare,0,"5085d088-4f87-4805-bd4f-873bf480945d",2021-05-28T11:33:37.656,0.0,2021-05-28T11:33:37.656,PASSED,
Testovanie,0,compare,0,"50948b08-7b16-4ea5-8aa0-869c0fe3d69c",2021-05-28T11:33:26.974,16.0,2021-05-28T11:33:26.990,PASSED,
Testovanie,0,compare,0,"52dbbb3f-2807-46c7-b714-c97daa082157",2021-05-28T12:47:01.242,0.0,2021-05-28T12:47:01.242,PASSED,
Testovanie,0,compare,0,"559e858d-cec9-4a1c-b675-243f89dcefc8",2021-05-28T11:35:32.286,0.0,2021-05-28T11:35:32.286,PASSED,
Testovanie,0,compare,0,"58550497-7eab-4dd7-9b7c-03ae6e49c96a",2021-05-28T11:35:41.282,0.0,2021-05-28T11:35:41.282,PASSED,
Testovanie,0,compare,0,"59d1c461-b3f3-480a-b0ee-71232eaad75b",2021-05-28T12:46:57.198,8.0,2021-05-28T12:46:57.206,PASSED,
Testovanie,0,compare,0,"5ca01077-45a6-4b4f-b5c1-46666e85ce5b",2021-05-28T12:46:51.489,8.0,2021-05-28T12:46:51.497,PASSED,
Testovanie,0,compare,0,"5d7d8416-b47c-43c3-8753-8bdda1ab9d2a",2021-05-28T11:35:33.913,0.0,2021-05-28T11:35:33.913,PASSED,
Testovanie,0,compare,0,"632455c8-435e-4a33-930b-172aad38aa7e",2021-05-28T11:35:46.995,0.0,2021-05-28T11:35:46.995,PASSED,
Testovanie,0,compare,0,"6424ba70-40fa-4cb6-9f23-c5f6efd7bbcd",2021-05-28T11:35:35.553,0.0,2021-05-28T11:35:35.553,PASSED,
Testovanie,0,compare,0,"69a59d97-7073-4995-8b32-ea908b477b43",2021-05-28T11:33:30.261,15.0,2021-05-28T11:33:30.276,PASSED,
Testovanie,0,compare,0,"6cdbc466-cf6e-453b-a223-4a1a8033b7bc",2021-05-28T12:46:50.681,0.0,2021-05-28T12:46:50.681,PASSED,
Testovanie,0,compare,0,"6fbdddf6-0eb9-48cb-ae90-1c3a9c3f6472",2021-05-28T12:46:49.872,8.0,2021-05-28T12:46:49.880,PASSED,
Testovanie,0,compare,0,"7404dde0-6b37-4824-9d48-1146722499c6",2021-05-28T11:33:44.190,0.0,2021-05-28T11:33:44.190,PASSED,
Testovanie,0,compare,0,"7a813ebf-80fa-4535-8c61-0f3126e798dd",2021-05-28T12:47:00.438,8.0,2021-05-28T12:47:00.446,PASSED,
Testovanie,0,compare,0,"7aebfdd8-d8b0-449f-8462-bbcb4dc3abd2",2021-05-28T11:33:43.366,0.0,2021-05-28T11:33:43.366,PASSED,
Testovanie,0,compare,0,"7c17f464-0c99-43bc-aece-cf26b9323364",2021-05-28T12:46:54.764,0.0,2021-05-28T12:46:54.764,PASSED,
Testovanie,0,compare,0,"832a4120-2b4f-49c2-8a3a-177bf25b84a3",2021-05-28T11:35:36.370,15.0,2021-05-28T11:35:36.385,PASSED,
Testovanie,0,compare,0,"85218c41-c6ed-44d2-976b-d7a7b67a8df5",2021-05-28T11:35:33.094,15.0,2021-05-28T11:35:33.109,PASSED,
Testovanie,0,compare,0,"86cdab0b-d96f-424a-b43f-899776cd1b6a",2021-05-28T11:35:38.009,0.0,2021-05-28T11:35:38.009,PASSED,
Testovanie,0,compare,0,"8a555eb9-c102-4744-a8eb-cc6aa4c8650b",2021-05-28T11:33:25.747,42.0,2021-05-28T11:33:25.789,PASSED,
Testovanie,0,compare,0,"8c4cfcdb-fe87-4311-8c2d-4facf1e2abde",2021-05-28T11:33:40.099,15.0,2021-05-28T11:33:40.114,PASSED,
Testovanie,0,compare,0,"93b0cec1-bc70-4d47-8eba-6564ecf362cd",2021-05-28T11:35:46.174,0.0,2021-05-28T11:35:46.174,PASSED,
Testovanie,0,compare,0,"98389846-37e4-4195-820e-7c3a809af052",2021-05-28T12:46:44.988,0.0,2021-05-28T12:46:44.988,PASSED,
Testovanie,0,compare,0,"9a51e012-f8de-4299-bd56-9fd5b5d90367",2021-05-28T11:33:29.451,0.0,2021-05-28T11:33:29.451,PASSED,
Testovanie,0,compare,0,"9e4b5946-782d-492f-9e58-9ccf0463c0f9",2021-05-28T11:35:31.478,14.0,2021-05-28T11:35:31.492,PASSED,
Testovanie,0,compare,0,"9fc2d963-2e16-4c7f-bcd6-007803bde335",2021-05-28T12:47:02.060,8.0,2021-05-28T12:47:02.068,PASSED,
Testovanie,0,compare,0,"a128c182-7296-49d9-88b5-b64b206fe86b",2021-05-28T12:46:57.998,0.0,2021-05-28T12:46:57.998,PASSED,
Testovanie,0,compare,0,"ba6ca557-87e5-4714-98cd-01d62f29c0fb",2021-05-28T12:46:53.129,8.0,2021-05-28T12:46:53.137,PASSED,
Testovanie,0,compare,0,"ba811724-fd90-47f3-80a6-5e9396646206",2021-05-28T11:33:27.804,0.0,2021-05-28T11:33:27.804,PASSED,
Testovanie,0,compare,0,"ba94bd14-9187-4d10-959f-f265d5e965d7",2021-05-28T11:35:44.535,8.0,2021-05-28T11:35:44.543,PASSED,
Testovanie,0,compare,0,"bce74b9e-e51f-42b7-af62-7d5c97d3b20d",2021-05-28T11:33:42.558,0.0,2021-05-28T11:33:42.558,PASSED,
Testovanie,0,compare,0,"c8bd873f-fcf5-43ec-aa38-1cccd8dd5e6a",2021-05-28T11:33:36.027,0.0,2021-05-28T11:33:36.027,PASSED,
Testovanie,0,compare,0,"ca6b4576-4a36-4fd1-a0ab-09540c9536d9",2021-05-28T11:35:37.196,15.0,2021-05-28T11:35:37.211,PASSED,
Testovanie,0,compare,0,"cba07f75-a83f-4abd-8d36-8fbdb3b69fb4",2021-05-28T11:33:40.923,0.0,2021-05-28T11:33:40.923,PASSED,
Testovanie,0,compare,0,"d1f89508-e3f3-4ca8-8af4-98e0dcb53a2c",2021-05-28T12:46:52.307,0.0,2021-05-28T12:46:52.307,PASSED,
Testovanie,0,compare,0,"d1fb6899-2236-408f-847c-b1e286531d07",2021-05-28T11:33:32.734,0.0,2021-05-28T11:33:32.734,PASSED,
Testovanie,0,compare,0,"d5371c31-0889-4cec-81e0-9b4227c0064f",2021-05-28T11:35:34.734,0.0,2021-05-28T11:35:34.734,PASSED,
Testovanie,0,compare,0,"d67640a2-3ea4-46c4-8c86-7d9a2b1a5b16",2021-05-28T11:35:43.721,0.0,2021-05-28T11:35:43.721,PASSED,
Testovanie,0,compare,0,"d6b57f5c-2b29-468d-94fb-56bb065cc410",2021-05-28T12:46:45.801,16.0,2021-05-28T12:46:45.817,PASSED,
Testovanie,0,compare,0,"d6f41ac7-09c8-4a3a-9743-86195d0b6b90",2021-05-28T12:46:53.947,0.0,2021-05-28T12:46:53.947,PASSED,
Testovanie,0,compare,0,"d8313450-892f-418b-9f02-c712585a29fd",2021-05-28T12:46:55.589,0.0,2021-05-28T12:46:55.589,PASSED,
Testovanie,0,compare,0,"dc416a79-b68f-4ed6-919d-824f53d6a16b",2021-05-28T11:35:49.434,0.0,2021-05-28T11:35:49.434,PASSED,
Testovanie,0,compare,0,"e3447a84-ca28-408d-9546-2bf9f4cfa836",2021-05-28T11:33:35.185,16.0,2021-05-28T11:33:35.201,PASSED,
Testovanie,0,compare,0,"e732e112-37f5-4c85-9d84-771464d10238",2021-05-28T11:35:38.822,0.0,2021-05-28T11:35:38.822,PASSED,
Testovanie,0,compare,0,"e76bfd85-7f1d-43a0-9e3e-6141f47b6ad2",2021-05-28T11:35:48.621,0.0,2021-05-28T11:35:48.621,PASSED,
Testovanie,0,compare,0,"e7ab34af-403d-4d24-9a13-1f8a7acac5f5",2021-05-28T12:46:42.982,47.0,2021-05-28T12:46:43.029,PASSED,
Testovanie,0,compare,0,"f0eb9d2e-97c8-4f4f-afbf-d0f5e126b1e1",2021-05-28T12:46:59.629,8.0,2021-05-28T12:46:59.637,PASSED,
Testovanie,0,compare,0,"f28609d3-1858-4910-b000-32379e627eda",2021-05-28T11:33:33.547,0.0,2021-05-28T11:33:33.547,PASSED,
Testovanie,0,compare,0,"f3768fca-6b11-491f-8627-c7de42d52c44",2021-05-28T12:46:43.363,0.0,2021-05-28T12:46:43.363,PASSED,
Testovanie,0,compare,0,"f3caee54-1e8c-46a2-81b8-eefea31c6773",2021-05-28T12:46:49.060,0.0,2021-05-28T12:46:49.060,PASSED,
Testovanie,0,compare,0,"fdfa0a04-f3f5-436e-8505-eeb0cffc0284",2021-05-28T11:33:28.632,0.0,2021-05-28T11:33:28.632,PASSED,
Testovanie,0,compare,0,"ff4e778f-a173-4e60-8cd7-94603ee0fc89",2021-05-28T11:35:47.808,0.0,2021-05-28T11:35:47.808,PASSED,
